L,0
R,0.011232964332874972
tau,gamma
3.1622776601683795e-05,4.9522001282243957e-57
3.198110165512311e-05,4.082811452687708e-56
3.234348697327415e-05,3.296932441343049e-55
3.2709978563942796e-05,2.6076563535959644e-54
3.308062295626032e-05,2.0201343545259245e-53
3.345546720659022e-05,1.5328502789513644e-52
3.3834558904502684e-05,1.1392231633174012e-51
3.421794617881642e-05,8.292919750621861e-51
3.4605677703709e-05,5.912834259757897e-50
3.499780270489637e-05,4.129272418658366e-49
3.539437096588276e-05,2.824495921963337e-48
3.579543283428068e-05,1.8923347119163525e-47
3.620103922820322e-05,1.241779674765283e-46
3.6611241642728524e-05,7.981430309484788e-46
3.702609215643743e-05,5.0246578317462266e-45
3.744564343802527e-05,3.098288445882468e-44
3.7869948752988844e-05,1.8712283597822853e-43
3.82990619703885e-05,1.1069329706542103e-42
3.873303756968754e-05,6.413652792478383e-42
3.917193064766876e-05,3.639813719561597e-41
3.961579692542945e-05,2.02321697848322e-40
4.006469275545557e-05,1.101527530546193e-39
4.051867512877645e-05,5.874052773838358e-39
4.097780168219986e-05,3.068102935832954e-38
4.1442130705629704e-05,1.5696094478711767e-37
4.191172114946643e-05,7.865075203448142e-37
4.238663263209116e-05,3.8601462088409865e-36
4.2866925447434756e-05,1.855642162058219e-35
4.335266057263289e-05,8.737240970720976e-35
4.384389967576713e-05,4.029433605506367e-34
4.434070512369452e-05,1.820133769367607e-33
4.484313998996553e-05,8.05289855209678e-33
4.535126806283171e-05,3.48972152380967e-32
4.5865153853344075e-05,1.4812178818830334e-31
4.638486260354368e-05,6.157958518916978e-31
4.6910460294744055e-05,2.5075189272837915e-30
4.74420136559085e-05,1.0000951936697217e-29
4.797959017212173e-05,3.90686256058391e-29
4.8523258093157695e-05,1.4948740949227978e-28
4.907308644214435e-05,5.602357343636611e-28
4.962914502432709e-05,2.0564905968704637e-27
5.019150443593053e-05,7.393880155907983e-27
5.076023607312165e-05,2.6038015135458065e-26
5.133541214107406e-05,8.981175230100963e-26
5.1917105663135005e-05,3.034228867415802e-25
5.250539049009621e-05,1.0040455731915416e-24
5.310034130957024e-05,3.254231928403266e-24
5.370203365547212e-05,1.0330792488395102e-23
5.431054391760934e-05,3.212246926447118e-23
5.492594935138013e-05,9.783054165411819e-23
5.5548328087581636e-05,2.918302912478456e-22
5.617775914232919e-05,8.526617859147907e-22
5.681432242708846e-05,2.440135388677973e-21
5.745809875882023e-05,6.839777040536522e-21
5.810916987024123e-05,1.877850900141954e-20
5.876761842020063e-05,5.0497711339923864e-20
5.9433528004174317e-05,1.3300686329497802e-19
6.010698316487786e-05,3.431378124016016e-19
6.078806940300043e-05,8.670731795154972e-19
6.147687318805907e-05,2.146031740326899e-18
6.217348196937717e-05,5.2024799264166575e-18
6.287798418718683e-05,1.2353196886222624e-17
6.359046928385702e-05,2.8730549473469014e-17
6.431102771524891e-05,6.544933428875546e-17
6.503975096220052e-05,1.46037566654592e-16
6.577673154214015e-05,3.1917109880526303e-16
6.652206302083284e-05,6.832568557647502e-16
6.727584002425905e-05,1.432676375547523e-15
6.80381582506282e-05,2.9425134812454823e-15
6.880911448252883e-05,5.919679037187697e-15
6.958880659921513e-05,1.1665163749542769e-14
7.037733358903405e-05,2.2516496369345214e-14
7.117479556199265e-05,4.2572895723298263e-14
7.198129376246773e-05,7.884860552068193e-14
7.27969305820598e-05,1.4305085178204347e-13
7.362180957259226e-05,2.542324323043593e-13
7.445603545925884e-05,4.426144094315073e-13
7.529971415391839e-05,7.548941933401409e-13
7.615295276854186e-05,1.2613237438025394e-12
7.701585962881096e-05,2.0647314137489973e-12
7.788854428787073e-05,3.311437998268193e-12
7.877111754023897e-05,5.203659302901722e-12
7.966369143587146e-05,8.012489932900572e-12
8.056637929438837e-05,1.2089955090447795e-11
8.147929571946084e-05,1.7877973113828237e-11
8.240255661336094e-05,2.5911515775263112e-11
8.333627919167644e-05,3.6812953519562565e-11
8.428058199819206e-05,5.127471535970514e-11
8.523558491994028e-05,7.002814159934954e-11
8.6201409202421e-05,9.379784791420153e-11
8.71781774649953e-05,1.2324300446816136e-10
8.816601371645287e-05,1.588894443849973e-10
8.916504337075565e-05,2.010590571008935e-10
9.017539326296101e-05,2.4980496953017885e-10
9.119719166532337e-05,3.048620162087531e-10
9.223056830358014e-05,3.656214982913087e-10
9.327565437342133e-05,4.3113702727787855e-10
9.433258255714585e-05,5.001644923537899e-10
9.540148704050651e-05,5.7123441131402e-10
9.648250352974674e-05,6.427499631967192e-10
9.757576926882845e-05,7.130998319039658e-10
9.868142305685711e-05,7.807724957984893e-10
9.979960526570318e-05,8.444583367122751e-10
0.00010093045785782342,9.031279906956279e-10
0.00010207412440428455,9.56079287157667e-10
0.00010323075010299016,1.0029500834705966e-09
0.00010440048179711551,1.0436992745097946e-09
0.00010558346799374983,1.0785622958021948e-09
0.00010677985888275085,1.1079899052369086e-09
0.00010798980635581252,1.1325797096470825e-09
0.00010921346402574933,1.1530090039864307e-09
0.0001104509872459979,1.1699755089485016e-09
0.00011170253313034129,1.184150131785753e-09
0.00011296826057285517,1.1961434720109939e-09
0.00011424833026808112,1.2064858091713236e-09
0.00011554290473142789,1.215618903186923e-09
0.0001168521483198046,1.2238971111055052e-09
0.00011817622725248631,1.2315949967549895e-09
0.00011951530963221795,1.2389186801386996e-09
0.00012086956546655544,1.2460185466132936e-09
0.00012223916668945012,1.2530015185715164e-09
0.00012362428718307682,1.259941776456136e-09
0.00012502510279991026,1.266889475574389e-09
0.00012644179138505003,1.2738775181562838e-09
0.00012787453279880048,1.2809267257535014e-09
0.0001293235089395047,1.2880498083156104e-09
0.00013078890376663828,1.2952544136731775e-09
0.00013227090332416453,1.3025453816019183e-09
0.0001337696957641546,1.3099262293868464e-09
0.0001352854713706741,1.3173999126487012e-09
0.0001368184225839423,1.324969010969567e-09
0.00013836874402476304,1.3326356016380884e-09
0.000139936632519234,1.3404011202483656e-09
0.00014152228712373507,1.3482664237393607e-09
0.00014312590915020087,1.3562321001278824e-09
0.00014474770219167785,1.3642988942178996e-09
0.0001463878721481734,1.3724680308586429e-09
0.00014804662725279534,1.380741261946206e-09
0.0001497241780981895,1.3891206127818445e-09
0.00015142073766327637,1.3976079716502042e-09
0.0001531365213402899,1.4062047567876698e-09
0.00015487174696212364,1.414911854136785e-09
0.00015662663482998688,1.4237298683863876e-09
0.00015840140774137277,1.4326595527207196e-09
0.00016019629101834485,1.4417021794495765e-09
0.00016201151253614392,1.4508596437550552e-09
0.00016384730275211781,1.4601342408554556e-09
0.00016570389473498023,1.4695282405532726e-09
0.0001675815241944014,1.479043498780267e-09
0.00016948042951093215,1.4886813270197247e-09
0.000171400851766269,1.498442696376277e-09
0.0001733430347738618,1.508328663785635e-09
0.00017530722510986698,1.5183407802370122e-09
0.00017729367214445286,1.5284812481088133e-09
0.0001793026280734598,1.5387527343941714e-09
0.00018133434795041748,1.549157941115252e-09
0.00018338908971892657,1.5596991738441911e-09
0.0001854671142454074,1.570378153925671e-09
0.00018756868535221773,1.5811961852253833e-09
0.00018969406985114873,1.5921545866082647e-09
0.00019184353757729762,1.6032551493135636e-09
0.00019401736142332616,1.6145003609099406e-09
0.0001962158173741063,1.6258932663763614e-09
0.00019843918454175955,1.6374370409518596e-09
0.00020068774520109106,1.6491345139267003e-09
0.00020296178482542842,1.6609879135720693e-09
0.0002052615921228635,1.672998981464443e-09
0.000207587459072907,1.6851693966607431e-09
0.00020993968096355735,1.697501273316099e-09
0.00021231855642879068,1.7099974502864234e-09
0.00021472438748647358,1.7226614054823332e-09
0.0002171574795767083,1.7354968386378656e-09
0.00021961814160060942,1.7485071553158778e-09
0.00022210668595952233,1.7616951446087014e-09
0.00022462342859468458,1.7750630373211195e-09
0.0002271686890273383,1.788612918036338e-09
0.00022974279039929437,1.802347263004394e-09
0.00023234605951395973,1.8162693009054054e-09
0.00023497882687782627,1.8303829896811834e-09
0.0002376414267424322,1.844692617747297e-09
0.0002403341971467975,1.859202251547981e-09
0.00024305747996034203,1.8739153421510795e-09
0.00024581162092628654,1.8888347179427583e-09
0.00024859696970554987,1.9039629744292282e-09
0.0002514138799211396,1.9193030464814064e-09
0.0002542627092030481,1.9348586412195862e-09
0.0002571438192336566,1.9506342839140263e-09
0.0002600575757936541,1.9666349454744636e-09
0.000263004348808475,1.982865457649546e-09
0.0002659845123952662,1.9993300462149803e-09
0.00026899844491038225,2.016032250756566e-09
0.00027204652899742206,2.032975284204534e-09
0.00027512915163580806,2.050162636070826e-09
0.00027824670418991765,2.0675985815663857e-09
0.000281399582458768,2.085288306844166e-09
0.0002845881867262684,2.1032375743254755e-09
0.0002878129218120376,2.1214521125989432e-09
0.00029107419712279996,2.139937075283906e-09
0.00029437242670436275,2.1586968798371283e-09
0.0002977080292941836,2.177735526284108e-09
0.0003010814283745308,2.1970572243215814e-09
0.00030449305222624994,2.2166669786764152e-09
0.000307943333983136,2.236570800275675e-09
0.0003114327116869242,2.2567754180579727e-09
0.0003149616283429024,2.2772876484759977e-09
0.0003185305319761554,2.2981137775596054e-09
0.0003221398756884445,2.3192593096986967e-09
0.00032579011771573225,2.340729234916199e-09
0.0003294817214863599,2.362528673947507e-09
0.00033321515567988336,2.3846635428299507e-09
0.0003369908942865754,2.407140861219378e-09
0.0003408094166676038,2.4299685249002755e-09
0.0003446712076158895,2.4531546650809652e-09
0.00034857675741765433,2.4767069549136684e-09
0.0003525265619146679,2.5006322605513217e-09
0.0003565211225671986,2.524936845181119e-09
0.0003605609465176775,2.549627023232991e-09
0.00036464654665508566,2.5747099034017146e-09
0.0003687784416800687,2.6001938016134946e-09
0.00037295715617078945,2.6260880852568483e-09
0.00037718322064952844,2.6524025297725505e-09
0.00038145717165003807,2.6791465484856907e-09
0.0003857795517856591,2.706328736074533e-09
0.0003901509098182115,2.7339569960286093e-09
0.00039457180072766335,2.7620391948652204e-09
0.0003990427857825893,2.79058398440989e-09
0.0004035644326114294,2.819601330544317e-09
0.0004081373152745539,2.849102445172874e-09
0.0004127620143371446,2.8790991527294105e-09
0.00041743911694290347,2.909603046077823e-09
0.00042216921688859467,2.9406249143508814e-09
0.000426952914699431,2.972174780226147e-09
0.000431790817705317,3.0042625434581248e-09
0.0004366835401179539,3.0368988815009495e-09
0.00044163170310881824,3.070095904117718e-09
0.00044663593488802655,3.1038671889082424e-09
0.0004516968707840905,3.1382271705106912e-09
0.0004568151533245764,3.1731902250355422e-09
0.00046199143231768054,3.208769972998916e-09
0.00046722636493472697,3.244979210824417e-09
0.00047252061579360256,3.2818305310926093e-09
0.00047787485704313263,3.3193372997763364e-09
0.00048328976844841924,3.357514447655694e-09
0.0004887660374771401,3.3963786275377775e-09
0.0004943043593868295,3.4359476416930453e-09
0.000499905437313147,3.4762394592977973e-09
0.0005055699823591472,3.517271385693351e-09
0.0005112987136855576,3.5590598716725637e-09
0.0005170923586020851,3.601621096619498e-09
0.0005229516526597516,3.644972020263765e-09
0.0005288773397442787,3.689131323119503e-09
0.0005348701721705309,3.734119706258686e-09
0.0005409309107780287,3.779959375639852e-09
0.0005470603250275408,3.826672999181637e-09
0.0005532591930987775,3.874282733908881e-09
0.0005595283019891828,3.92280989528404e-09
0.0005658684476138529,3.972275487642751e-09
0.0005722804349065831,4.022701327625571e-09
0.0005787650779220626,4.074111147086012e-09
0.0005853231999392221,4.126531059329986e-09
0.0005919556335657598,4.179989122677052e-09
0.0005986632208438441,4.23451424654941e-09
0.0006054468133570203,4.290135068912554e-09
0.0006123072723383246,4.346879467017401e-09
0.0006192454687796275,4.4047750181730785e-09
0.0006262622835422085,4.4638501918112954e-09
0.0006333586074685946,4.524135630277293e-09
0.0006405353414956552,4.585664809333163e-09
0.0006477933967689857,4.648473707665157e-09
0.0006551336947585843,4.712599674437963e-09
0.0006625571673758425,4.778080150089277e-09
0.000670064757091854,4.84495199835337e-09
0.0006776574170570754,4.913251878289643e-09
0.000685336111222331,4.9830175010737926e-09
0.0006931018144611972,5.054289105612733e-09
0.0007009555126937697,5.127110344691756e-09
0.0007088982030118357,5.201528091177816e-09
0.0007169308938054622,5.277591282127309e-09
0.0007250546048910177,5.355349476389471e-09
0.0007332703676406481,5.434851986832095e-09
0.000741579225113218,5.516148144599621e-09
0.0007499822321867339,5.59928862037033e-09
0.0007584804556922725,5.684327120295712e-09
0.0007670749745494226,5.771321541811583e-09
0.0007757668799032603,5.8603339612796795e-09
0.0007845572752628818,5.9514294817902055e-09
0.0007934472766415024,6.044674628962135e-09
0.0008024380126981423,6.140136266097018e-09
0.0008115306248809216,6.237881733305102e-09
0.0008207262675719755,6.337980235157791e-09
0.0008300261082340103,6.440504786846727e-09
0.0008394313275585255,6.545533689987114e-09
0.000848943119615711,6.653150752738194e-09
0.0008585626920060437,6.763444172680531e-09
0.0008682912660136046,6.876504773966535e-09
0.0008781300767611293,6.992424689513276e-09
0.0008880803733668155,7.1112973625536756e-09
0.0008981434191029111,7.2332190148043555e-09
0.0009083204915560963,7.358290893557498e-09
0.000918612882789683,7.486621145125872e-09
0.0009290218995076554,7.618325347494542e-09
0.0009395488632205652,7.753525485204196e-09
0.0009501951104133066,7.892348050244872e-09
0.0009609619927147962,8.034922489159857e-09
0.0009718508770695733,8.181381066634497e-09
0.0009828631459113432,8.331860442847018e-09
0.000994000197338492,8.486504291046995e-09
0.0010052634452915844,8.645465667435329e-09
0.001016654319732873,8.808907955059445e-09
0.0010281742668278478,8.977003999156778e-09
0.001039824749128836,9.149934097210578e-09
0.001051607245760686,9.327884206722519e-09
0.0010635232526085565,9.511045669892736e-09
0.0010755742825078296,9.699616936281537e-09
0.0010877618654361754,9.89380663837791e-09
0.0011000875487077993,1.009383658197045e-08
0.001112552897169883,1.0299943225385693e-08
0.0011251594934012603,1.051237706224407e-08
0.0011379089379133297,1.0731400535250913e-08
0.001150802849353262,1.0957286004241576e-08
0.0011638428647094932,1.1190315338218091e-08
0.0011770306395195583,1.1430781838574056e-08
0.0011903678480802726,1.1678993894588827e-08
0.001203856183660302,1.1935278763912661e-08
0.0012174973587151302,1.219998475762326e-08
0.0012312931051044781,1.2473480991915477e-08
0.0012452451743121685,1.2756155271024363e-08
0.0012593553376684977,1.3048411789658073e-08
0.001273625386575117,1.335067051690468e-08
0.0012880571327324706,1.3663369199764717e-08
0.0013026524083697985,1.3986967387071133e-08
0.0013174130664777622,1.4321950583614263e-08
0.0013323409810436886,1.4668832350211716e-08
0.0013474380472894925,1.5028153065856246e-08
0.0013627061819122893,1.5400475667280626e-08
0.0013781473233277402,1.578638004857801e-08
0.0013937634319161408,1.6186458097865846e-08
0.0014095564902713179,1.660131031593931e-08
0.0014255285034523275,1.7031543117365944e-08
0.001441681499238018,1.747776428119058e-08
0.0014580175283844716,1.794057356497627e-08
0.00147453866488537,1.842054657977447e-08
0.0014912470062352946,1.8918212169250625e-08
0.0015081446736960337,1.943402569364667e-08
0.001525233812565882,1.9968341776858144e-08
0.0015425165924520107,2.052138989019675e-08
0.0015599952075459151,2.109325524112225e-08
0.0015776718769019897,2.168386719599202e-08
0.0015955488447192455,2.229299950256209e-08
0.0016136283806262419,2.2920292244295244e-08
0.0016319127799692243,2.3565315888294765e-08
0.0016504043641035425,2.42277147129436e-08
0.0016691054806883634,2.4907494192002243e-08
0.0016880185039847308,2.5605562537849104e-08
0.0017071458351569937,2.6324714657019443e-08
0.0017264899025776507,2.7071379446522527e-08
0.001746053162135657,2.7858671236610464e-08
0.0017658380975482178,2.8711639426809834e-08
0.0017858472206761155,2.9676161642269213e-08
0.0018060830718426163,3.0833765444376405e-08
0.001826548220155981,3.2325917369112895e-08
0.001847245263835632,3.439315776896394e-08
0.0018681768305420226,3.743711477723012e-08
0.0018893455777102403,4.211719423438451e-08
0.0019107541928873864,4.949896883447322e-08
0.001932405394073789,6.127836704428456e-08
0.0019543019300680715,8.011504225835227e-08
0.0019764465808161315,1.1011996071147333e-07
0.0019988421577640833,1.5755604367158017e-07
0.002021491504215193,2.3182562741879445e-07
0.0020443974956908563,3.4683233472395174e-07
0.0020675630402956766,5.228137653710229e-07
0.0020909910790866686,7.887392869921898e-07
0.0021146845864466446,1.1853463173773473e-06
0.002138646570461845,1.768839964108023e-06
0.0021628800733038364,2.615196697948133e-06
0.0021873881716157383,3.824888719566085e-06
0.0022121739769028342,5.527685400208377e-06
0.002237240635927601,7.887006794983885e-06
0.0022625913311092095,1.1103130960491582e-05
0.0022882292809275656,1.5414434257660266e-05
0.002314157740331922,2.1095822591290985e-05
0.0023403800011541176,2.8453639529874513e-05
0.0023668993925265104,3.781664469087158e-05
0.0023937192813046322,4.952313921980176e-05
0.0024208430724946364,6.390492556678886e-05
0.002448274209685596,8.126942926185867e-05
0.002476016175486692,0.00010188184857638303
0.002504072491969371,0.0001259494928685896
0.0025324467211144805,0.0001536104100578151
0.0025611424652645137,0.00018492794310062772
0.0025901633675809396,0.00021989204234591818
0.002619513112506741,0.0002584271374972079
0.00264919542623418,0.00030040534866831845
0.0026792140771778805,0.00034566301389844984
0.00270957287645324,0.0003940181049746596
0.0027402756783603045,0.0004452861680261421
0.002771326380873083,0.0004992929108139118
0.0028027289261344395,0.0005558823113509575
0.002834487300956576,0.0006149199384352737
0.002866605537327201,0.0006762918689139575
0.002899087712921403,0.0007399000509292568
0.0029319379516193718,0.0008056551884446647
0.0029651604240299332,0.0008734682798268577
0.0029987593480200582,0.0009432419267289715
0.0030327389892503493,0.001014862499024747
0.0030671036617166115,0.001088194188177603
0.0031018577282975303,0.001163075836566171
0.0031370056013085993,0.0012393211151523861
0.003172551743062278,0.0013167221120020055
0.0032085006664345273,0.0013950557627624577
0.0032448569354377697,0.0014740919662845054
0.0032816251658003047,0.0015536018815424885
0.003318810025552326,0.001633364937059324
0.003356416235618575,0.0017131735114489003
0.003394448570417683,0.0017928349225330978
0.00343291185846833,0.0018721710511433326
0.0034718109830022795,0.001951016384096808
0.0035111508825843188,0.00202921535713357
0.0035509365517392673,0.0021066196473254277
0.003591173041586078,0.002183085684442694
0.0036318654604791003,0.002258472351294904
0.003673018974656637,0.002332638784348182
0.003714638808896854,0.002405442375322396
0.003756730247181083,0.002476737363871761
0.0037992986333646823,0.002546374579657295
0.0038423493718554905,0.0026142027706825798
0.003885887928299941,0.002680071530392463
0.0039299198302769804,0.002743835272336224
0.003974450667999854,0.002805357263691705
0.004019486095025802,0.0028645126490765
0.004065031828973842,0.002921189744823504
0.004111093652250678,0.002975289523807491
0.004157677412784796,0.0030267238560093297
0.004204789024768929,0.003075413426367846
0.004252434469410915,0.0031212861666611103
0.0043006197956930396,0.003164276580569423
0.004349351121140019,0.003204325765188234
0.004398634632595679,0.0032413815457888054
0.0044484765870084035,0.0032753981423563
0.004498883312225516,0.0033063351608937624
0.0045498612077966676,0.003334156228584107
0.004601416745786283,0.0033588279624620736
0.004653556471595259,0.0033803199503239637
0.004706287004791971,0.0033986060109155993
0.004759615039952649,0.003413666390387831
0.00481354734751133,0.0034254900626028827
0.004868090774619431,0.003434076197723809
0.004923252246015023,0.0034394342148492342
0.004979038764901998,0.0034415824710953185
0.0050354574138392,0.0034405462414954027
0.005092515355639583,0.0034363559083652184
0.005150219834279601,0.0034290460788602875
0.005208578175818915,0.0034186558012882914
0.005267597789330457,0.003405229449809739
0.0053272861678410905,0.0033888175105036477
0.005387650889282932,0.0033694765998029687
0.0054486996174553945,0.0033472685143213464
0.005510440102998191,0.0033222586871996143
0.005572880184375355,0.003294514794036255
0.005636027788870367,0.0032641062108341636
0.005699890933592603,0.0032311045988130615
0.005764477726495194,0.0031955853060224664
0.005829796367404361,0.003157628845932411
0.005895855149060464,0.003117321666143396
0.005962662458170857,0.00307475577855351
0.006030226776474612,0.0030300273941191026
0.006098556681819364,0.0029832351898827474
0.006167660849250357,0.00293447898403809
0.0062375480521117774,0.00288385933918687
0.006308227163160617,0.0028314781003328966
0.006379707155693169,0.0027774393790433415
0.006451997104684216,0.002721850276830515
0.006525106187939195,0.0026648208040039234
0.006599043687259418,0.002606462896223129
0.0066738189896204305,0.002546888915959003
0.006749441588363785,0.0024862102942630666
0.006825921084402322,0.002424536886574705
0.006903267187439037,0.0023619772397101644
0.006981489717199858,0.002298639502738311
0.007060598604680298,0.0022346324069439294
0.007140603893406297,0.0021700657423895198
0.007221515740709344,0.0021050500555358977
0.007303344419016005,0.0020396957157873233
0.0073861003171521,0.0019741118219388345
0.0074697939416616815,0.0019084054778794868
0.007554435918140879,0.0018426817413372024
0.007640036992586929,0.0017770441694500523
0.007726608032762488,0.0017115955547883318
0.007814160029575344,0.0016464383350366558
0.007902704098473825,0.0015816743184864299
0.007992251480858015,0.0015174037055866493
0.0080828135455069,0.001453723727353666
0.008174401790021752,0.0013907273957985942
0.00826702784228587,0.0013285027939162392
0.008360703461940776,0.001267133072548731
0.008455440541879243,0.0012066970096946605
0.0085512511097552,0.0011472697798169942
0.008648147329510709,0.0010889235665509436
0.008746141502920288,0.001031727816601713
0.008845246071152758,0.0009757491709921611
0.008945473616350704,0.0009210512888030923
0.009046836863227891,0.0008676948066003026
0.009149348680684816,0.000815737548346107
0.009253022083442461,0.0007652348935587227
0.009357870233694639,0.0007162400421415775
0.009463906442779085,0.0006688038762178146
0.009571144172867372,0.0006229742373550587
0.009679597038674078,0.0005787946590617485
0.009789278809185314,0.0005363028187383729
0.009900203409406757,0.0004955291023286349
0.010012384922131563,0.00045649565850408363
0.010125837589728336,0.0004192161735986119
0.010240575815949246,0.00038369639232302877
0.010356614167758736,0.00034993522675522316
0.010473967377182952,0.00031792619752531214
0.010592650343180028,0.00028765894969720753
0.01071267813353167,0.0002591206498100709
0.010834065986756158,0.00023229714640004293
0.010956829314042947,0.00020717381945186742
0.011080983701209272,0.00018373604100027597
0.011206544910678925,0.0001619691406714314
0.011333528883483367,0.00014185775775171062
0.011461951741285604,0.0001233845030157478
0.011591829788426992,0.00010652796165833158
0.01172317951399715,9.126022245660776e-05
0.011856017593927416,7.754427099188025e-05
0.011990360893108025,6.533168272328307e-05
0.012126226467529182,5.456105597188183e-05
0.012263631566446491,4.51575261856687e-05
0.01240259363457093,3.7033524535930854e-05
0.012543130314283526,3.0090732624772878e-05
0.01268525944787524,2.4222994310251728e-05
0.012828999079812225,1.9319818511830643e-05
0.012974367459026652,1.5270064610282396e-05
0.013121383041233598,1.196544112848173e-05
0.013270064491274183,9.303545457529108e-06
0.013420430685485159,7.190294427817053e-06
0.013572500714095444,5.541710515248976e-06
0.013726293883649838,4.28511356642242e-06
0.013881829719460056,3.3598130915618765e-06
0.014039127968083667,2.717403528403068e-06
0.01419820859983114,2.3217450643743116e-06
0.014359091811301137,2.148680039143748e-06
0.014521798027944685,2.185503535885972e-06
0.014686347906658412,2.4301869021142073e-06
0.014852762338407002,2.8903500178666788e-06
0.015021062450875538,3.5819923058393526e-06
0.015191269611151867,4.5280192995069995e-06
0.015363405428439234,5.756633239175753e-06
0.01553749175679986,7.2996832442450114e-06
0.015713550697929395,9.191084283512592e-06
0.01589160460396296,1.1465408520458241e-05
0.016071676080312965,1.4156726638814846e-05
0.01625378798853898,1.729773530281924e-05
0.01643796344925023,2.091915996990773e-05
0.01662422584504101,2.5049382422972464e-05
0.01681259882345918,2.9714220842617838e-05
0.01700310630000849,3.4936792772302726e-05
0.01719577246118488,4.073741561528453e-05
0.01739062176754707,4.713353504111804e-05
0.017587678956822058,5.413970393878032e-05
0.017786969047045867,6.176764943390916e-05
0.01798851733973965,7.002645600382072e-05
0.018192349423122,7.892286233150078e-05
0.018398491175357627,8.846163139955115e-05
0.01860696876784272,9.86459250924513e-05
0.01881780866852764,0.00010947761059069347
0.01903103764527733,0.00012095745011282242
0.019246682769269594,0.0001330851690164193
0.019464771418432055,0.00014585944108202103
0.019685331280918088,0.0001592778538463566
0.019908390358621915,0.00017333690957558505
0.020133976970733755,0.0001880320823786276
0.020362119757335234,0.00020335790698849452
0.020592847683035362,0.00021930804410872807
0.020826190040647875,0.00023587526923855986
0.02106217645491029,0.00025305136866263304
0.02130083688624484,0.00027082698102936934
0.02154220163456232,0.0002891914670836562
0.021786301343108917,0.0003081328975165758
0.02203316700235653,0.0003276382101956237
0.02228282995393732,0.00034769351753973426
0.02253532189462284,0.00036828447529076895
0.022790674880348107,0.00038939659106613616
0.023048921330281393,0.00041101537469576783
0.023310094030940195,0.0004331263045031268
0.02357422614035362,0.00045571467051014683
0.02384135119227213,0.0004787654131682397
0.02411150310042499,0.0005022630734149414
0.02438471616282578,0.0005261919056331771
0.024661025066126864,0.0005505361112746519
0.024940464890023224,0.0005752800771305867
0.02522307111170596,0.0006004084901339833
0.025508879610366502,0.0006259062605547373
0.025797926671751844,0.0006517582888832906
0.026090248992771146,0.000677949204074336
0.026385883686154816,0.000704463230005033
0.026684868285166332,0.0007312842821440254
0.02698724074836725,0.0007583962815690534
0.02729303946443644,0.0007857835572698749
0.027602303257043916,0.0008134311533387149
0.02791507138977967,0.0008413248984292054
0.02823138357113859,0.0008694512139126183
0.02855127995956185,0.0008977967738615143
0.0288748011685352,0.0009263482108439302
0.029201988271745277,0.0009550920399121127
0.029532882808294303,0.0009840148565332931
0.029867526787973678,0.0010131037126448039
0.030205962696597533,0.0010423464707171553
0.030548233501396762,0.0010717319385111785
0.030894382656473863,0.0011012497003191901
0.031244454108319917,0.0011308897259669191
0.03159849230139402,0.0011606419670047669
0.03195654218376571,0.0011904961672617963
0.032318649212821564,0.0012204420073089427
0.03268485936103652,0.0012504695235085765
0.033055219121810225,0.0012805695883789474
0.0334297755153699,0.0013107341964326185
0.033808576094740014,0.0013409563966102584
0.03419166895177933,0.0013712299006307586
0.03457910272328669,0.0014015485750659782
0.03497092659717592,0.0014319060943110747
0.035367190318720446,0.0014622959495057173
0.03576794419686913,0.0014927118153826417
0.03617323911063313,0.0015231480768183488
0.036583126515545565,0.0015536002209828757
0.03699765845019429,0.0015840648664359118
0.03741688754282842,0.0016145393960431953
0.03784086701804002,0.001645021381109447
0.03826965070352157,0.001675508107057539
0.03870329303689951,0.0017059964643368277
0.03914184907264575,0.0017364832726552747
0.03958537448906737,0.0017669658668393088
0.0400339255953752,0.0017974426214529171
0.040487559338832864,0.001827913116046286
0.04094633331198684,0.0018583778349248598
0.04141030575997803,0.0018888375519803672
0.04187953558793664,0.001919292730515526
0.04235408236846072,0.0019497432674929578
0.04283400634917923,0.0019801887266519963
0.04331936846040103,0.0020106289342887783
0.04381023032285065,0.002041064604804788
0.044306654255491296,0.0020714976381153477
0.044808703283436856,0.002101930906422668
0.04531644114595362,0.002132367630262257
0.045829932304552234,0.002162810677087474
0.04634924195117173,0.002193262167494311
0.04687443601645635,0.0022237236107955963
0.04740558117812569,0.0022541964996041887
0.04794274486944013,0.0022846830335378127
0.0484859952877622,0.0023151865619503477
0.04903540140321447,0.0023457114841503564
0.04959103296743607,0.002376262644655021
0.05015296052243835,0.002406844545752856
0.0507212554095605,0.0024374608093374692
0.05129598977852705,0.002468114188869781
0.051877236596608,0.002498807128899997
0.05246506965788239,0.002529542561028676
0.05305956359260714,0.0025603244853642715
0.053660793876692175,0.0025911579979996766
0.0542688368412824,0.0026220487303812213
0.0548837696824487,0.0026530019975891175
0.055505670470988804,0.0026840221231582842
0.0561346181623387,0.0027151123183987713
0.0567706926065968,0.0027462751893015665
0.05741397455866178,0.0027775135916183625
0.05806454568848474,0.002808831352630929
0.058722488591438,0.0028402334437346907
0.059387886798801505,0.002871725489733451
0.06006082478836741,0.00290331287305327
0.06074138799516544,0.0029349999250115762
0.06142966282230972,0.002966789656816804
0.06212573665196805,0.002998684186904285
0.0628296978564559,0.0030306856307438556
0.06354163580945628,0.003062796953263773
0.06426164089736601,0.003095022295426894
0.06498980453077129,0.0031273665743559733
0.0657262191560531,0.0031598345634094873
0.0664709782671238,0.0031924299568847608
0.06722417641729701,0.0032251549426780936
0.06798590923129222,0.003258010529198801
0.06875627341737467,0.0032909974510565362
0.06953536677963355,0.003324117147347133
0.07032328823039914,0.0033573722556611723
0.07112013780280023,0.003390766328365806
0.07192601666346425,0.0034243029122630465
0.07274102712536155,0.0034579844957608784
0.07356527266079434,0.00349181191234633
0.07439885791453361,0.0035257845421573643
0.0752418887171049,0.0035599012082758313
0.07609447209822381,0.003594161269235058
0.0769567163003847,0.0036285652888035516
0.077828730792603,0.0036631148917872563
0.07871062628431288,0.003697811868104085
0.07960251473942295,0.0037326570142515196
0.08050450939053114,0.0037676493593305172
0.08141672475330007,0.003802786217450661
0.08233927664099634,0.0038380640490254603
0.08327228217919343,0.003873479655433855
0.08421585982064198,0.003909031034102324
0.08517012936030861,0.0039447174008840164
0.08613521195058443,0.003980538348911718
0.08711123011666648,0.004016492601429805
0.08809830777211364,0.004052577054523573
0.08909657023457798,0.004088786654589529
0.09010614424171505,0.004125115193159492
0.09112715796727464,0.004161556584205508
0.09215974103737287,0.004198105908181651
0.09320402454694962,0.0042347596260867365
0.09426014107641235,0.0042715148256951075
0.09532822470846776,0.004308367907329852
0.09640841104514496,0.0043453134412152145
0.09750083722501154,0.004382343844880003
0.09860564194058388,0.004419450077223443
0.09972296545593559,0.004456622974697138
0.1008529496245055,0.004493854485514735
0.10199573790710653,0.004531138102437783
0.10315147539013948,0.004568468235571225
0.10432030880401334,0.004605838861409925
0.10550238654177324,0.0046432421995169695
0.10669785867794045,0.004680668165878905
0.107906876987566,0.004718104926265008
0.10912959496549907,0.004755540257131011
0.11036616784587473,0.004792962960484976
0.11161675262182259,0.0048303635358686835
0.11288150806539768,0.004867733718738357
0.11416059474773813,0.004905065128225527
0.11545417505945149,0.004942347774437386
0.11676241323123074,0.004979569267615076
0.11808547535470516,0.005016715189722472
0.11942352940352735,0.005053770441116916
0.12077674525469814,0.005090720822216578
0.12214529471013429,0.005127553965961976
0.12352935151848046,0.005164259089186029
0.12492909139716737,0.005200825688831252
0.1263446920547209,0.005237241906008574
0.12777633321332402,0.0052734934795117
0.12922419663163331,0.005309563892465844
0.130688466127855,0.00534543565269562
0.13216932760308275,0.0053810920077438165
0.13366696906489836,0.005416518140148177
0.1351815806512414,0.0054517011671725325
0.13671335465454915,0.005486628932565274
0.13826248554616893,0.005521288257983469
0.13982917000104828,0.005555663635707502
0.14141360692270472,0.005589737110197992
0.1430159974684776,0.005623489438027253
0.14463654507506685,0.005656901898265744
0.1462754554843616,0.005689957751431945
0.14793293676955982,0.0057226425296044315
0.14960919936158537,0.00575494298680854
0.15130445607580445,0.005786845289700183
0.15301892213904328,0.00581833346295919
0.15475281521691348,0.0058493889734794816
0.15650635544144686,0.005879991708680779
0.1582797654390422,0.005910121824376606
0.16007327035872984,0.005939761443037497
0.16188709790075675,0.005968895255216688
0.16372147834549408,0.005997509681524717
0.1655766445826734,0.006025591056382072
0.16745283214095477,0.0060531238487641385
0.1693502792178278,0.006080089925594372
0.17126922670985337,0.006106469289677686
0.17320991824324808,0.0061322419021123935
0.17517260020481332,0.006157389587503264
0.17715752177321686,0.00618189696411447
0.17916493495062855,0.006205750877240517
0.1811950945947128,0.006228938647584873
0.18324825845098647,0.006251446112899342
0.18532468718554027,0.00627325656559743
0.18742464441813325,0.006294351197063066
0.18954839675566196,0.00631471082129472
0.19169621382600718,0.00633431793284974
0.19386836831226617,0.006353157959565467
0.19606513598737246,0.006371219012127545
0.19828679574910643,0.006388490267816556
0.20053362965550417,0.006404959890148952
0.20280592296066774,0.006420613651530402
0.20510396415097937,0.006435435040705669
0.20742804498172768,0.0064494068120499555
0.20977846051414914,0.006462513128012864
0.21215550915288725,0.006474741109778335
0.214559492683878,0.0064860809349583295
0.21699071631266495,0.0064965244274935215
0.21944948870314604,0.006506062925881062
0.2219361220167619,0.006514685621908839
0.22445093195212787,0.0065223793046001455
0.2269942377851131,0.0065291296640431935
0.2295663624093762,0.006534923440519191
0.23216763237735966,0.006539750230561223
0.2347983779417472,0.006543602948866244
0.2374589330973927,0.006546476690848329
0.24014963562372418,0.006548366630652705
0.24287082712762656,0.006549266127808876
0.24562285308681187,0.006549166101599736
0.2484060628936814,0.006548056028092889
0.25122080989968243,0.006545926012040833
0.25406745146016996,0.0065427687870948095
0.2569463489797764,0.0065385805366741
0.2598578679582938,0.006533360083064942
0.26280237803707723,0.006527106899306136
0.2657802530459752,0.006519819052397071
0.26879187105078833,0.006511492223596597
0.2718376144012692,0.0065021203518202605
0.2749178697796652,0.0064916975436110835
0.27803302824980974,0.006480220190082376
0.2811834853067715,0.006467688118090483
0.284369640927067,0.006454104141366693
0.287591899619439,0.006439472266692227
0.29085067047621294,0.0064237955554553305
0.294146367225236,0.006407074828620331
0.2974794082824009,0.00638930893091104
0.30085021680476837,0.006370496402432707
0.3042592207442915,0.006350637626113334
0.3077068529021457,0.006329736259566648
0.31119355098367746,0.006307799161943111
0.31471975765397536,0.00628483486379097
0.31828592059406857,0.0062608514342112525
0.32189249255776453,0.006235854927884204
0.325539931429129,0.006209849265811744
0.3292287002806208,0.006182837604209084
0.3329592674318788,0.0061548244219106815
0.3367321065091815,0.00612581716451526
0.3405476965055771,0.006095826537222016
0.3444065218416958,0.00606486529244585
0.3483090724272501,0.006032946191423182
0.3522558437232358,0.00600008026949082
0.3562473368048307,0.005966276356714676
0.3602840584250129,0.0059315421032470434
0.36436652107889644,0.005895885925462143
0.3684952430687974,0.005859318786447463
0.37267074857003496,0.005821854827064906
0.3768935676974837,0.005783510508396036
0.3811642365728711,0.005744302750965064
0.38548329739284537,0.005704247103344299
0.38985129849781164,0.0056633569437924795
0.39426879444154794,0.0056216441364502195
0.39873634606160957,0.005579120756454643
0.4032545205505353,0.005535800914302974
0.4078238915278525,0.005491701668031654
0.41244503911290575,0.0054468425279237545
0.4171185499985073,0.00540124384019677
0.4218450175254223,0.00535492494883794
0.4266250417576978,0.0053079031433616855
0.43145922955884863,0.005260193952541416
0.43634819466889946,0.005211812595232318
0.44129255778230675,0.005162775766269957
0.4462929466267607,0.005113102764617246
0.45134999604288034,0.005062815348708843
0.4564643480648107,0.005011936413202774
0.4616366520017382,0.004960488226383184
0.4668675645203203,0.004908491194919415
0.47215774972805824,0.004855963815267294
0.4775078792576103,0.004802923807603483
0.4829186323520609,0.0047493897799361345
0.4883906959511552,0.004695382492516255
0.49392476477851577,0.004640925030774085
0.49952154142983746,0.004586041807544951
0.5051817364620917,0.00453075695851205
0.5109060684837369,0.004475093015195231
0.5166952642459509,0.004419070568727292
0.5225500587348979,0.004362709079608526
0.5284711952650447,0.004306028357985241
0.5344594255735245,0.004249049882797514
0.5405155099155803,0.004191797235051824
0.5466402171610841,0.004134295421093508
0.5528343248921522,0.004076569472805221
0.5590986195018636,0.004018643096367069
0.5654338962941041,0.003960538095034647
0.5718409595845301,0.0039022748506151433
0.5783206228026869,0.003843873564007042
0.5848737085952799,0.003785355550171915
0.5915010489306158,0.0037267438734111804
0.5982034852042274,0.00366806298906458
0.6049818683456994,0.0036093376093030574
0.6118370589266952,0.0035505914277693886
0.6187699272702166,0.0034918463967705273
0.625781353561099,0.0034331229297568373
0.6328722279577556,0.003374440886973842
0.6400434507051961,0.003315820779632962
0.6472959322493125,0.0032572845249803717
0.6546305933524725,0.0031988553475328493
0.6620483652104172,0.003140556896255943
0.6695501895704833,0.003082412069171503
0.6771370188511648,0.0030244421786792372
0.6848098162630363,0.0029666668852343283
0.6925695559310311,0.0029091048973560454
0.700417223018121,0.0028517750229960608
0.7083538138503893,0.0027946969842648234
0.7163803360435218,0.00273789155943155
0.7244978086307317,0.002681379998629731
0.7327072621921389,0.0026251830568126506
0.7410097389856029,0.002569320183249614
0.7494062930790514,0.0025138093024730038
0.7578979904843012,0.0024586672846921287
0.7664859092923979,0.002403910825325095
0.7751711398104864,0.0023495572397432096
0.7839547847002404,0.0022956247398532702
0.7928379591178456,0.0022421320507727844
0.8018217908555842,0.002189097582655025
0.8109074204850154,0.0021365386004293377
0.8200960015017805,0.0020844708161889573
0.8293887004720474,0.0020329085857051514
0.838786697180622,0.0019818655627051093
0.8482911847807221,0.0019313554317715175
0.8579033699454641,0.0018813923231630913
0.8676244730210592,0.001831990709227156
0.8774557281817454,0.0017831648759823065
0.8873983835864756,0.0017349282914766112
0.8974537015373876,0.0016872932344656302
0.9076229586400538,0.0016402708885113531
0.917907445965564,0.0015938718421282957
0.9283084692144348,0.0015481067122643057
0.9388273488823803,0.0015029865446748473
0.9494654204279575,0.0014585227682850578
0.9602240344421209,0.0014147267178895187
0.9711045568196807,0.0013716089600722828
0.9821083689327211,0.0013291787460966299
0.9932368678059758,0.0012874438335483236
1.004491466294191,0.0012464107188977851
1.015873593261498,0.0012060851178425872
1.0273846937628257,0.0011664724271002614
1.0390262292273524,0.0011275779468281656
1.0507996776440522,0.0010894068013989687
1.0627065337493373,0.001051963674079462
1.0747483092168266,0.0010152525700523698
1.0869265328492625,0.0009792767924628233
1.099242750772615,0.0009440391804000786
1.1116985266323607,0.000909542494820256
1.1242954417920101,0.0008757897383400692
1.1370350955338722,0.0008427842101850339
1.1499191052620965,0.000810529217751235
1.1629491067080138,0.0007790275264612405
1.176126754137815,0.0007482807478408504
1.1894537205625602,0.0007182888862966167
1.2029316979505889,0.0006890501853606729
1.2165623974423294,0.0006605612819933352
1.230347549567541,0.0006328175623091171
1.2442889044650163,0.0006058135671247313
1.258388232104786,0.0005795433320397896
1.2726473225128163,0.0005540006313365506
1.287067985998278,0.000529179172463943
1.3016520533833766,0.0005050728124107113
1.3164013762357907,0.0004816758269216816
1.3313178271037414,0.00045898318471736087
1.3464032997537385,0.00043699071012676333
1.3616597094109932,0.0004156950021991871
1.377088993002583,0.00039509303167763513
1.392693109403357,0.00037518143923318155
1.408474039684633,0.00035595566521764586
1.4244337873657056,0.0003374091077300447
1.440574378668223,0.0003195325070444211
1.4568978627734146,0.0003023136953312185
1.4734063120822625,0.00028573776010041945
1.4901018224786076,0.00026978758418445614
1.506986513595236,0.0002544446699471474
1.5240625290829968,0.00023969013570436138
1.5413320368829366,0.0002255057746513881
1.5587972295015509,0.00021187507089570867
1.5764603242891373,0.00019878406077162365
1.5943235637213065,0.00018622191321668514
1.6123892156836799,0.0001741810972241561
1.6306595737598293,0.000162657027743178
1.6491369575224466,0.00015164714571482961
1.6678237128278466,0.00014114948800430426
1.686722212113788,0.0001311609165413921
1.7058348547006752,0.00012167527171638401
1.725164067096168,0.00011268176463388998
1.7447123033032605,0.00010416391096758605
1.7644820451318164,9.609923796839351e-05
1.7844758025136687,8.845988229378354e-05
1.8046961138212734,8.121406355835705e-05
1.8251455461899766,7.43282898785488e-05
1.8458266958439296,6.77700443743512e-05
1.8667421884257158,6.151062609032199e-05
1.887894679329676,5.552778114257664e-05
1.9092868540390466,4.980776437073886e-05
1.9309214284669007,4.434652170185169e-05
1.952801149300956,3.914977925985509e-05
1.9749287943522842,3.423196099293864e-05
1.9973071729079945,2.9614017011618935e-05
2.0199391260878707,2.532040563039437e-05
2.042827527205092,2.137560400180282e-05
2.065975282131018,1.7800598052644783e-05
2.0893853296641143,1.4609804821355888e-05
2.1130606419030538,1.1808807201133401e-05
2.137004224624064,9.393146989531137e-06
2.161219117662511,7.348254499696802e-06
2.1857083952988483,5.650425174407542e-06
2.2104751666489175,4.2686166231668426e-06
2.235522576058678,3.1667548140874677e-06
2.2608538035034003,2.3062140667389346e-06
2.28647206499141,1.6481669873112231e-06
2.312380612972359,1.1555724765873486e-06
2.33858273675017,7.946623441609361e-07
2.365081762900633,5.358800581777576e-07
2.391881055693746,3.5430325501360615e-07
2.4189840175208293,2.2963580670548576e-07
2.4463940893265055,1.4588311918083867e-07
2.47411475104553,9.082885411143894e-08
2.5021495220446144,5.5418598435416346e-08
2.530501961569234,3.313338515148866e-08
2.5591756691955068,1.9409999445006056e-08
2.5881742852871783,1.1140636331760589e-08
2.6175014914578223,6.2646718619214624e-09
2.6471610110382184,3.4512213810962872e-09
2.6771566095490793,1.8625952726295701e-09
2.707492095179112,9.847425385732369e-10
2.7381713192684964,5.100053347998719e-10
2.7691981767978406,2.587411515407784e-10
2.8005766068827027,1.2858414278544008e-10
2.8323105932736614,6.259418354280246e-11
2.8644041648621066,2.9846935228063576e-11
2.8968613961917353,1.3940556005862383e-11
2.9296864079758507,6.377803614744446e-12
2.962883367620511,2.8580485055174707e-12
2.9964564897536436,1.2545058112626475e-12
3.0304100367600886,5.393591425397627e-13
3.064748319322768,2.2713482033139108e-13
3.099475696969958,9.368887529309349e-14
3.1345965786287655,3.7852063243118864e-14
3.170115423184871,1.4979148343963037e-14
3.2060367400486487,5.806035866576268e-15
3.242365089727633,2.2042786091582427e-15
3.279105084405538,8.196844966097292e-16
3.316261388527808,2.9855188264693924e-16
3.353838719393798,1.0650874204774736e-16
3.3918418477557037,3.7217107235959806e-17
3.4302755984242035,1.2737714953590279e-17
3.469144850881039,4.2700374588144925e-18
3.5084545398984956,1.402047836451765e-18
3.5482096561659144,4.509046846373138e-19
3.588415246923294,1.420356123070648e-19
3.6290764166021074,4.382280548278679e-20
3.670198327473308,1.3243214208761212e-20
3.711786200302753,3.919916508590293e-21
3.753845315014015,1.1364499736546255e-21
3.7963810113587098,3.227110546229924e-22
3.839398689594417,8.975678938401444e-23
3.882903811170317,2.445179054377486e-23
3.9269018994205203,6.5244494053482574e-24
3.971398540265332,1.705166813063254e-24
4.016399382920421,4.36495373325143e-25
4.061910140614039,1.0944153067641502e-25
4.107936591312345,2.6876603785908406e-26
4.154484578453012,6.464818189009989e-27
4.201560011687036,1.5230982578741633e-27
4.249168867629057,3.514707528457875e-28
4.297317190616129,7.944016073637591e-29
4.346011093475096,1.7586551120735425e-29
4.395256758298664,3.813386955444466e-30
4.4450604372302935,8.098986972390319e-31
4.495428453257916,1.6847681504503589e-31
4.546367201016724,3.432726492481333e-32
4.597883147601008,6.850588319147624e-33
4.649982833385215,1.3390788293799196e-33
4.702672872854287,2.563740247896163e-34
4.755959955443469,4.807635122635696e-35
4.809850846387524,8.830363375359832e-36
4.864352387579678,1.5886025230483597e-36
4.919471498440246,2.7992488936881873e-37
4.975215176795105,4.831226245711732e-38
5.031590499764119,8.167005139016104e-39
5.088604624659678,1.3522527493841557e-39
5.146264789895316,2.1930195731655315e-40
5.204578315904729,3.483507359751429e-41
5.263552606071153,5.41976612559174e-42
5.323195147667285,8.25912328154523e-43
5.383513512805845,1.2327554738395033e-43
5.444515359400959,1.8022271108038743e-44
5.50620843214033,2.5806653163189186e-45
5.568600563468534,3.619457146108938e-46
5.631699674581403,4.972156391324286e-47
5.695513776431686,6.69014774033374e-48
5.760050970746092,8.816906265001293e-49
5.825319451053919,1.1381154676334295e-49
5.891327503727221,1.4389510298504528e-50
5.958083509032877,1.7819490795016656e-51
6.025595942196519,2.1613950442255653e-52
